Variacao_Beneficios,Beneficios_Ajustados,Payback_Meses,ROI_Percentual
-19.999999999999996,5356.0,87.37864077669903,13.733333333333334
-9.999999999999998,6025.5,77.66990291262137,15.45
0.0,6695.0,69.90291262135922,17.166666666666668
10.000000000000009,7364.500000000001,63.54810238305383,18.883333333333336
19.999999999999996,8034.0,58.252427184466015,20.599999999999998
29.999999999999982,8703.499999999998,53.771471247199415,22.316666666666663
39.99999999999999,9373.0,49.930651872399444,24.033333333333335
50.0,10042.5,46.601941747572816,25.75
