Ano,Investimento,Beneficios,Fluxo_Liquido,Fluxo_Acumulado
0,-39000.0,0.0,-39000.0,-39000.0
1,0.0,6695.0,6695.0,-32305.0
2,0.0,7029.75,7029.75,-25275.25
3,0.0,7381.2375,7381.2375,-17894.0125
4,0.0,7750.2993750000005,7750.2993750000005,-10143.713125
5,0.0,8137.814343750001,8137.814343750001,-2005.898781249999
