Cenario,Investimento,Beneficios_Anuais,ROI_Percentual,Payback_Anos,Payback_Meses
Conservador,29000.0,6695.0,23.086206896551726,4.33159073935773,51.97908887229276
Realista,39000.0,6695.0,17.166666666666668,5.825242718446602,69.90291262135922
Otimista,49000.0,6695.0,13.66326530612245,7.318894697535474,87.82673637042569
